x,y
1.3882452949030533,-1.4270557499720247
2.391902448888633,-0.3162013871034403
2.252759814135928,-0.410223774845702
1.6125333124781602,-0.17882813795264707
2.3960110648737643,-0.354615137675074
1.5330228413422424,-0.6792799557899643
1.3783751418047754,0.1630507165700339
0.8897458290494314,-0.6713911111256677
0.5132765740058207,-0.924342132064533
1.8114342368534684,-0.31318515532496116
2.4581922772145415,-0.37150344939824076
1.6598706179911733,0.6389267678217416
1.996547982209998,-0.49152911627132884
1.363886707277047,-0.7746914234988466
1.3058907252179488,-0.4567476125079384
1.4789722497116178,-1.3266320258553903
2.223755126066747,-0.4954905826786419
1.5450842069005009,-0.4591113694796327
1.7187852138091921,0.753791047538028
1.6305748949159926,0.4822631926232323
0.7272264495259119,-0.44040964966256496
1.3213788563581734,-0.84159832207083
2.1279487826893804,0.12618361888111163
1.4941147257472758,-0.08298596690864006
2.3547524952732046,-0.21081854893574445
0.7467036519216683,-0.1706651003176868
0.43914095508370776,-0.2605403789480793
2.099178288613624,0.0815912133867565
0.8151074030594457,-0.24664715495225709
2.014748605365708,0.24150433236212174
1.2718506877776528,-0.26179429466088555
1.7427478366873925,-0.32944718595845285
2.0921009116102445,-0.49969367128428577
2.2079955142920324,-0.10119811986128652
1.2924502124118435,-0.45873154553161205
1.3466248752698142,0.6392851724413291
2.262778597928211,-0.28985162319107044
0.6991653606951442,-0.7786174144261168
1.1433591314688645,0.4575863952928802
2.165208867562872,-0.19611589939776927
1.8598812683784125,-0.1969269063243328
1.8163879141486372,-0.7483502894776776
1.2882442689167641,-0.8628882529258879
1.6341060045447044,0.9383002275763173
1.2337165911347756,0.02202648479983156
2.0080365430734815,-0.5615739383064976
1.3701250461135748,0.701293892310996
1.4808309313814327,-0.597340106930691
2.3578202914451865,-0.5014561041670386
1.5754195678626044,-0.5837446684821198
0.5009020087752345,-0.2709212430923488
1.5134151489658247,-0.29099273067774245
1.3543888362147076,-0.6800038123710751
1.4076543981983698,-1.2740051145276254
0.43433095223107526,-0.6436194777602275
0.5040681399914549,-0.7420438939677386
2.3390852621039704,-0.5115644383842819
1.6585358400038488,0.6253031360548507
1.4828107619184492,-1.3449093112012536
1.5669063762351854,-0.5719917664061116
1.941687533573254,-0.03230385950137268
0.6880249414822271,-0.6845539780489212
1.599207921312378,-0.781716634467644
1.6614438879032332,0.7650492553074253
2.28492126324697,-0.39839067941928674
2.336352037249104,-0.2615135976565456
2.6370439689037273,-0.7019255794121845
1.5885340690674765,-0.6187139464878879
0.6470409662882664,-0.316687610423743
0.3775999679854416,-0.1782107161361778
1.8140773912099846,-0.039693778750324225
1.5424831029777768,-1.3365200541694302
2.4912779072111078,-0.4795176364113011
0.5018418545197277,-0.38321382366991263
1.448487058400042,-0.7571289616687884
0.9255246833592539,-0.10482941766632096
1.378165058011483,-0.8771927126953958
0.34695249653380705,-0.03572956275784653
1.2434571685955933,-0.6547251513933983
1.5558637138388423,0.1657052876786284
1.3548297810005154,-0.9621633041454718
2.0874594220176967,-0.4456505761831888
1.9395675629588613,0.40263905517920046
1.1256190502398045,-0.951595188458466
2.128426401424989,-0.02606338578844782
1.4259281841316518,-1.2509867492258113
1.8187273643414208,-0.38619216306400544
1.8166296230218315,-0.3090634516937302
1.6419824866139932,-0.823670084721445
2.6365671782141735,-0.7741154480915479
1.4150240307314796,-1.4043550837752634
1.0964695612475874,-0.724858210625361
2.0448012510853086,0.21895607503276782
0.6290301820468018,-0.20136493072479295
2.254369729488732,-0.376976085804637
1.0895560162950515,-0.2491539062334671
2.343120602264073,-0.357559934565673
1.7917328020350327,-0.17282504517549235
1.8955449614018138,-0.15359151963926765
0.9420083416708357,-0.1899159047413815
1.4815586148338233,0.7557458965908299
1.5824453548050876,0.689998932713988
1.3912096413986943,-0.38793953283114235
1.9320897462998141,-0.42117240860159905
0.5921944573544714,-0.8871486258626717
2.3291945901108377,-0.5620780557519308
0.8458624986539178,-0.20358518688970906
1.957963103817164,-0.001198541153404748
2.004503214023838,0.42291433383966603
0.6904760370733357,-0.4549023758279329
1.7427179922591642,1.0392918083558438
1.865297839389539,-0.5489786450481585
0.6804436224352209,-0.8305685981777239
1.2125529473901173,-0.03870792144233446
1.3207190315892297,-1.4748383937299396
1.612587617894836,-0.881426141225796
1.1655316262659896,-0.023785877348734316
0.9560478921939252,-0.23999180565757117
1.647051396108988,-0.6265395867447239
1.258448249370667,0.3456654436861111
1.5399841784583508,0.5643220065932326
2.0721906016980225,0.20007291144833997
0.9808937386193616,-0.8715432733568137
1.524571813787461,0.23818499097940934
1.6405706724479177,-0.8837339619575058
0.6615873374427009,-0.28485880169159855
1.1465568553889032,-1.0435217519967819
0.3559374750263975,-0.07687606449629453
1.059621879575768,-0.3345301009519338
1.2913831773483886,-1.0777890128738936
1.6140639501035747,0.2825306655516115
0.990588137659668,-0.6201308704683806
0.6777448290947963,-0.7913500180118854
1.9310383141426304,-0.2621203531068817
2.660474659610836,-0.7388930862516496
1.1878603866773867,-0.6338698639935788
0.6900523144664998,-0.6064986287477715
1.7424991025985797,0.6562459062920754
2.590953712675843,-0.4965801321810793
1.9385017544594194,-0.016630295758367896
1.0829808740102465,0.3831016551583786
1.55062320568645,-0.9559132589645528
1.1652512676662714,-0.4863982647520577
1.224745804229745,-0.7630737173791997
0.2766119401811435,-0.46705619321525066
1.5550821420396974,-0.4612102812680309
0.8498743789285825,-0.3406201368504414
1.9210838487605109,-0.27928463535329867
0.8142432632916214,-0.44301568574542655
2.1266122848937656,-0.1726795513801494
2.4077847831561865,-0.23398661548220204
0.7313340852840372,-0.029020953914172525
1.7785969050329404,-0.48388089102586074
1.4664078012863233,0.6598121206212945
1.3270041666346017,-0.13446717093713345
1.8684086284565187,0.05380067792281841
1.291412666343196,0.7863826667827617
1.1319531855093143,0.015315520241709641
1.079365967651882,-0.7425553612200378
1.632304078436491,0.3849786583930992
1.4553188945567217,0.41616579797753744
2.2642246353417015,0.07289066669601911
1.5461422661677642,-0.11845611395553253
2.1768540296524717,-0.07170297885132255
0.3453868025395142,-0.3388109393297493
1.206661644333497,-0.16857990356876917
0.7997178781525828,0.007377969027965468
0.519706881044468,-0.14428020082996543
2.2220224115071745,0.1424554586195416
1.829070524273569,0.3319929882501375
1.9251514602050512,0.365914161788324
2.49068180608817,-0.433827470487374
1.234973886943353,0.4449415789801632
1.4699504834053445,-1.1793313872435387
1.1555778836455035,-0.25437215024133597
1.771806903572775,-0.8461115903532874
1.8567611047675718,-0.4690252152595984
1.5285824811178867,-0.9976970280407843
0.6815969775802346,-0.5336747636699933
1.281406681641056,-0.41515157404758807
0.3924828315792013,-0.0952511281096575
0.7446930764538667,-0.44212747104427796
1.702258797493374,0.41885315815992424
2.3178834837249527,0.019229362816033015
0.2800659313556882,0.09990970327595639
1.3383571736563764,0.27035150210448433
1.4334327252758863,-1.2808662699163926
0.6812626784587408,-0.46082233561307756
1.209384285165012,-0.874128139736804
1.8852967918152361,0.3455781991220206
0.35869565206604354,-0.03758669639016383
0.8721308596976479,-0.7579600295058232
1.7692938696365783,-0.5625044584492436
1.8416823007877585,0.2225949310613699
0.47693485886433784,-0.09215402577855972
1.7463134107475173,-0.6851022848777116
0.5803492637076896,-0.5937687813709897
1.6559442377638574,0.3174660653621946
0.33425402147107053,-0.5280828402236872
0.5758149692509734,-0.13007229854426125
1.641112050458647,-0.012347201778795528
0.9923975203291353,-0.3698320951785288
1.5595273631830708,-1.3571879825605895
1.3661146594142213,-0.943469248072825
1.442734457562629,-1.3137258754136938
1.3709753538571583,-0.9824013998254807
1.651365003987111,-0.3003501390531013
1.880077086133096,0.07067377132822891
1.3600952912145268,-1.1983766961824227
0.9502284119844278,-0.7541964815403469
1.5225585626980849,0.13496143319137988
1.213974768206657,-0.9280780803215328
0.989464270774276,-0.8317469792715434
1.227454237671245,-0.8153100861821784
0.2614016656298611,0.09181883786305929
0.8988700626087976,-0.7963396104488968
1.9526391225153596,-0.6869527186615857
2.0750302334848145,0.1312850691657569
1.8210994924762123,0.3733126359679104
1.142362680144772,0.29910260643289044
0.14006143465667786,0.006458980301051495
0.738191709930388,-0.8266553939545225
1.8845692438615107,-0.28658634550539475
1.0598327763365571,-0.6050406990156261
0.36915948693368034,-0.44181407554692115
0.9370270734337431,-0.595476783654141
2.2454352203971046,-0.0006666093050280171
1.1999425182901913,-0.8254943831863817
0.4569461518954423,-0.35858046567681773
1.4621230553876292,0.6984402968459645
1.1785115255743546,0.44844999954013826
1.967739836344952,-0.5742604128075772
0.8929065735659178,-0.14697151098827407
1.0256838987995902,0.07785077031477318
0.6673349889610696,-0.9076404839130868
0.7212487353374059,-0.8370216647350891
1.3661085744771677,-1.1186551250530987
1.06917001881502,-0.4445191858263913
1.4407392776335828,0.2416537093007322
1.4918143989173305,0.5389187670708092
2.134843773240564,-0.1410934967047197
1.7018257446653196,-0.15177812447476635
1.0555864295621857,0.1450679804325296
1.2852522616240702,-0.6312624100886598
2.2775756819028548,-0.0016734935140640817
1.4307342326768269,-1.0237393047477157
2.304343676820125,-0.5152126033891388
1.1428568335640166,0.0629109578268546
0.7043978723460464,-0.675021484126466
0.5233377257043015,-0.041664242728906974
1.6232506667341304,-0.7248504921255071
2.5552899734240904,-0.5762549591265688
1.2399059439460365,-0.3267308312572983
1.1479411586087798,-0.28706327426816713
0.7282289181348779,-0.030676898102623154
1.2622724239899827,0.4764622025665846
2.184435177388254,-0.24695682447671524
1.7172098418701116,0.4297889350748094
1.7349604024670595,-0.3066537103129605
0.8737965086789082,-0.8023603956927268
2.023313248382084,0.2941875340086827
1.5277758138761226,-0.682768478324864
1.3060441194134662,-0.4646083821279763
2.208277545589217,-0.3994402848315384
0.9456398779197402,-0.17688135989959106
0.6278830906389505,-0.7086483689495148
1.828987913787809,0.0063329099079020785
1.0468270407138913,0.5203829001407533
0.3218054831105695,0.12853636788957126
0.5541692596723713,-0.6824330995338801
1.697484249419216,-0.8107614671015912
1.4813845724048749,-0.3410748462184071
0.4361131374070609,-0.3142541714611597
0.5161374836953967,-0.1467397281684864
0.7680081801561508,-0.5119622604397603
1.765227939447644,-0.8058978413954015
2.396220500135941,-0.662903304311409
0.6046733062917659,-0.40576737375930233
1.0841410210981286,-0.6579886742015314
2.369860522734599,-0.6155921307637158
0.9000402695993764,-0.04497256113761031
1.5268485531770897,-0.03564230164575268
0.3268080568887176,0.05380797633663086
1.2844339089039978,0.09326213746020412
0.3756539247611961,-0.4571873336762062
1.6630330566408826,-0.537810273270989
0.4206157829233065,-0.5516324438857848
1.7567885270820036,0.6985178602742952
0.4670780340078822,0.029582577106079627
1.932780491017971,-0.5135309076788922
0.6567154914791024,-0.4753835021301631
2.6375199606473156,-0.672020675800064
2.2820312955907975,-0.2694452816911681
1.1391464688690074,-0.6632327755802898
0.7771211318965628,-0.6318317762103625
1.552910325571379,-0.4413585878225761
1.0236853500746816,-0.7948243956700922
2.021433951862412,-0.05187689892914371
1.1593404909767793,0.1351246455443225
0.7822262471949389,-0.6308919053283083
1.6533203573912347,-0.12004544176780045
1.286146048568611,0.09117420207908872
1.1183749288850438,-0.3910644639805257
1.096926433789899,0.4336979397418383
1.1138669903454594,-0.6682461114585001
0.6394577576502543,-0.39235850179058923
1.4972237374391162,-0.40330806604885605
1.2585616974937475,-1.1436196607939424
1.8420852889932178,-0.24861423057316784
0.3578748836415488,-0.030219836936817485
1.179864160892989,-0.5586188518012926
2.0524162001024964,-0.4376077831195972
1.481093563414208,-0.25727464028932684
1.651621732650463,0.5248913255980637
1.4013756886522128,0.5304660602113335
1.430357032511958,0.4208995872675924
1.9500980892540007,-0.33733145486456884
2.2487534968606013,0.0908798635317145
1.192741280071585,0.6156928939050493
1.338615799585834,0.6748559682241225
1.1376621659933017,0.0368612792396369
0.2924525223455343,-0.09483019968379688
1.3198871918440385,-0.016427599677117374
0.2227364161958097,-0.2379361351854909
1.8564698419616432,-0.7317567811692836
1.4328348540429747,-1.1369555405672707
1.7545077915397331,-0.5752956232904558
1.733711589017834,-0.8971099534319261
1.0700484012440479,-0.8000046686795679
1.3235144879695722,-1.4376780683850032
2.1076619387616726,-0.1279853363849475
1.5237525501047549,0.16312460024146982
1.2545714783762367,-0.5494594625572727
2.0329361755597866,-0.04370820190758287
1.3101093844562768,-1.5045745639933454
1.7272475961183167,0.812213386370622
1.2667773393609463,-0.7017500559936976
1.5656602505323518,0.3188673489126009
1.2599560671605934,-0.8109942955363965
2.631238614792552,-0.7622101626821517
0.7883184244616964,-0.2165882916720323
1.9266329771678294,-0.19645351354575116
1.8144136027653128,0.7025613545314371
1.3717039112122669,-0.20405475664988149
1.1117666096642278,0.3973093265014898
0.9372243170473484,-0.4499478238587444
2.2936196003282507,-0.6505351429448806
0.8548518686272801,-0.48289061945971773
1.4429172267225598,-1.0432456047537453
1.7007600853378313,-0.09532057979682214
2.412866876650679,-0.6720254935501955
0.6430930598685299,-0.4408737787168154
2.0278451228628263,-0.31143800339202726
1.5090673243243884,0.2881240685629546
1.3996555047186074,-0.666966857579914
1.6024735470400187,0.6412158238348
0.9428801401053771,0.03263160252090611
1.5913768222676168,-0.7413116831455003
2.2516606442698763,-0.2676953506572077
0.9559262159708565,-0.2392229279670317
0.44792751456643326,-0.09253311372453019
1.294029677665229,-0.26833149663153044
1.2938492773999721,0.01694827822248586
0.5244637613638358,-0.7231428991886674
0.25906543421242645,-0.3626161047573549
0.6072448835225127,-0.5684370159378124
1.4314466325490236,-0.3886881013601784
2.353284174101382,-0.09013004710796822
0.4532461781655416,-0.6535865773747433
0.8618686146275675,-0.36156225162896133
1.1363393118078038,0.06856109069678955
1.7818117931762298,0.5598563478523859
2.1205814364251476,-0.5431390395176462
0.7473353582640013,-0.5489777290373319
1.1040055237365154,-0.7102468728330069
2.4403819009495558,-0.6015259538883897
2.439882985585429,-0.3188640281525986
0.9931473351151779,-0.4443139644433997
1.8166175157255156,0.3004808968735645
0.1480833238844312,-0.23792257431772978
2.3271724996010827,-0.13028417979841203
1.3992853556924973,0.7157594920283514
1.71376185383807,0.9026536264716882
1.5457906871909972,-1.3289211597765034
1.2607062727787266,-1.0766567468026327
2.172421910464738,-0.1541644265120177
0.9581807077725155,-0.44635741592908396
1.3203849536645802,0.642314124539955
1.0856772701097883,0.6685933493656979
1.6712800570815756,0.5900801364800365
0.5900370459879625,-0.4839448651255307
1.4770197372832687,-1.3699521310627152
0.6020762001220414,-0.16021590843201622
0.9752388407343273,0.1408327783189147
1.6137675875390587,-1.0046833219411144
1.6660747393816402,-0.9362649176440373
0.14982351739448196,-0.04838495799225897
1.9459961346435097,0.5034726243938651
1.2741419763374933,0.10561083593192463
0.951780869573822,-0.02666983649030354
1.0319567652213117,0.5914582143704286
1.534518676713248,0.6238258003688995
1.3927157934716636,0.6632299080223009
2.1096813813206037,-0.4281779208041838
1.488639884595268,0.7308480199537436
1.277076244550911,0.40068539955326055
1.5680254757396859,-1.0349690500964062
0.1284669181458258,-0.026255864267201782
1.6607454437811704,-1.141284871717733
1.1161489412160752,-0.418237307218511
0.0664348082893273,-0.026927991886322854
0.8963812832915926,-0.497710449421976
0.47066909677776325,-0.5772915880757983
1.5612742894859397,0.23930476852099142
2.1038571412300677,-0.6358941587824333
1.7008363446237147,-0.2921464866870698
2.395876329315366,-0.6424689551966507
1.4177689223785241,-0.19463409080240124
1.3440905861636354,0.4763375122152521
0.22689633675982504,-0.14642390638061661
1.2004089740746529,0.4359090498431324
1.394585584854789,-1.131414398981187
1.4911429918565677,0.5911186656830529
2.3591931800193615,-0.2750318745658147
1.3798776258314678,0.4745864064234304
1.9827239083078232,-0.4444044023889803
0.16017168864211062,-0.15936493300223245
1.4365593000688262,-0.5210751558166775
1.167094060365637,-0.9931003332007838
1.4201813409185957,0.6932373495394631
0.598204923558877,-0.36340268509171414
1.3636364561162808,-0.45169440962819946
2.5481908398966384,-0.7744014909420223
1.5522900646732092,0.11219665626580032
1.3790240410949153,0.5413460155142318
1.5149171965062578,0.8041675196004108
0.8080474122674931,-0.8656984010296642
0.5988570802838504,-0.164313907476961
1.4274281899907688,0.7357926625943927
1.0004268129927651,0.05336980076049795
2.007271348372623,-0.17155590406201296
0.9582192200881512,0.029379321993651907
1.3334705818271528,0.0071632954232203234
2.004785607733986,-0.2670812996090305
1.578129558071482,0.723769515272763
1.0628742004688785,0.4380899079715667
1.522975807198535,0.6124413388073405
1.2220039501393019,-0.8416781126832904
1.1151766025866818,-0.691564912235131
1.7281889906905845,-0.24948550626253832
0.46743291200652115,-0.040525789210311816
1.8408081270676322,0.7051833003210409
1.5161248117403399,0.8668689128201943
1.565447942468637,0.686135839822329
1.6858980876573737,0.7535059149526221
2.6345938000219546,-0.657976622007072
2.0015861984567533,-0.5843918889957724
1.634786848019666,0.5442152547457375
1.1863372465837991,-0.038697408971372145
1.3904557547014904,-0.8378670628960014
1.067135500201661,-0.5268490643436307
1.4325303261633566,-1.3914839457991444
1.4875264772770196,0.377247282955007
2.0866230640263517,-0.556195031721136
0.7265439095008464,-0.7357247465686775
1.8183108669591528,-0.7180293066912743
0.693932377241512,-0.4150759236511873
1.7606171944317752,0.09492870166750134
0.9621669133413286,-0.26286178851358905
1.5687485628939137,0.8493807148671673
1.012560957646449,-0.03656437866192125
1.5953490046414156,-0.16529048256251505
1.833113632596474,-0.7209025430568875
1.3936273949511269,-0.6111649873013362
1.8782488049099713,-0.5333379391002238
0.12375618786163649,0.036349418859156546
1.5210366551001349,-0.7808931462867388
1.3552792704951475,0.5878030961525295
1.897952837660463,0.7004469981102229
2.3224858926655645,-0.5717852214977324
1.8379940249968219,0.3596505346498861
1.3786063484550666,0.3744113571747796
1.2044458927713126,-0.09517198186994431
1.6160591412878318,-0.28539705715118924
0.8747068939450255,-0.009984341983152413
1.422767405812813,0.7432153918028911
0.5196230133423086,-0.19932718831485152
1.36731934790106,0.12825363436469847
0.8195797661046388,-0.6692179897333164
1.3514757652375846,-0.4617417874571015
1.5842346005955417,-1.146322370311149
1.4570821655688528,0.7256493047430376
1.7310296801812064,0.42446369278204854
0.4429513680673449,-0.5033429011265559
2.3254790381378108,-0.12373075441342594
2.4427219551170385,-0.1841348171830959
1.0653584729296761,-0.5431622076544103
1.8738552710795682,-0.12453446758508846
1.5789968316342484,0.6572357578320055
2.142884499473399,-0.4650554404003645
2.560678039399988,-0.7894320605989436
1.6762246502455822,0.19869183341901475
1.6205535173683023,0.8223126083397833
2.1282750472757623,-0.5330450762657358
1.7645825125087384,0.19358322320828375
2.169700015955157,-0.18540816136749802
0.9728553423564951,-0.6298330019251189
0.26826101488635395,-0.35979629516560724
1.154860124175796,-0.3828929933354444
1.4033974828177014,-1.21527521844571
1.4601922684606075,0.23720076318161135
2.5024739495024333,-0.5011304061126709
1.131036688999908,0.3076675743519168
1.506607355350741,-0.5476061747415187
0.654503452581654,-0.5917442398852018
0.383866717014923,-0.08341865026066124
0.4613865949353605,-0.807514846483385
0.6682130063278297,-0.1396133928194076
1.2942170982420136,-1.1022054311889862
1.039803991921839,-0.4101047288945426
1.0343967732602324,-0.4800026012126981
1.0061260693495988,-0.8111242166451104
1.6049038284878299,-0.5796018095585099
1.129686066377793,-0.6263714237706401
1.8319234547013488,-0.08526224329744968
1.1027594353000194,-0.6601093806148715
1.5648021077707162,-0.6054389823364204
1.8668784000403442,-0.1981946389634365
1.5723365513588177,-0.3165248322685198
0.7751786673179005,-0.14719497817637806
1.3167672472648777,-1.1248915512965405
1.9473170287241224,-0.2720550560243789
1.7575616144610584,0.9353780593010627
1.3094012228209728,-1.0688674543358825
1.2845327302905634,-1.1268697894333328
1.5383017531264056,0.4040728696691269
1.7869676077505798,-0.24586673373247914
0.5424034857675593,-0.7751869829030378
1.0381296334309738,-0.48858321886299855
1.3160798407813008,-0.397218220729254
0.24113986460655476,-0.1293638169069474
1.4099570869525357,-0.3374229995865242
1.255113393603292,-0.2017659703650039
1.4515802563360993,-0.15571716293730442
1.1347093770042047,-0.14814254946075422
1.4053397611883782,-1.3882616289002954
1.449513685605737,0.5061310105434763
1.6401065527150698,0.6613689485649715
0.6542264427930602,-0.041504664177659197
0.9288157738641354,-0.09537622615811543
1.3632384882745443,0.139043065790606
2.2476201244040532,-0.3822636040218474
2.550314376932938,-0.694699781408992
1.4793383759818677,0.7366807363905965
1.7749943337576441,-0.8255188121244535
1.6695867475578279,0.7923393563654981
2.306506727419074,-0.6133508318612164
1.1012292948383786,-0.8836745307973106
1.4154693489556114,-0.9114522864646069
1.7160046235064264,-0.8392567281696873
1.7929102429497588,-0.5157165094669888
1.3952401501762637,-1.2087240889740165
1.0752265456727303,-0.7715987095540142
2.5608338610595136,-0.6739918424790587
1.3164975425540058,-0.8813697777935554
2.2562314075172023,-0.31285852155246163
1.6812701601349682,-0.8367641110260023
0.40482978103392925,-0.609032531914427
1.4891574872084188,-0.3714437255610989
2.038818804242134,-0.44491573005829893
0.6587464085923924,-0.7683528043952219
1.4676454491349449,-1.1913160326885708
1.9048024262151544,-0.6854637370336666
2.036274205490752,-0.2803746645843407
1.3275909669203745,0.5056699025129433
0.4968323696168269,0.08143635321683744
0.3977410860353904,-0.35434885175520436
0.4391814386626096,-0.3411452535041674
1.7923213602907742,-0.0505670759792063
1.4035774229670792,0.7262561925095987
1.1196502642825954,-0.4255930450302489
1.5167632745126636,-0.7263240468168741
1.1484756249750996,0.2668832660330659
1.6014004874876386,0.15885707020663722
1.1786787037196973,-0.178685044365254
1.4006771854370177,-1.0055718306652193
0.5968580801182661,-0.08328586372478361
2.117758619939484,-0.2424954032344904
0.9358582227438355,-0.17561271678633264
1.330287217896186,-0.44024724084046307
0.5533783070123591,-0.3276945221335204
2.29861826363997,-0.4693457256218812
1.359583560108261,0.1585136295345797
2.2533009073960577,-0.5930506274420754
1.4310455806296372,0.014319708743197657
2.6273257782902664,-0.7022523044887684
1.450291477229188,0.7067210905000554
1.497831851113009,-0.5562312521613477
1.167535701448042,-0.46042167422067054
1.1947889329852452,-0.23979785753006835
1.2716412950535294,-0.9136017748867558
2.2787217485203626,-0.47089898456165474
0.6814144778567612,-0.01009740502227451
0.40466068879766565,-0.5037976974728652
0.2558928330634152,-0.3279932553900695
0.8090348917550308,1.3038048148891996
1.850207425387615,-1.988884825481817
2.0209407972032474,-1.7610026421020188
1.457170159447385,-1.7177095154107886
0.4047979745022406,0.9176143931725258
1.762147070835474,-1.8696704709837655
1.1233033016783542,-1.7599818448907856
-0.1837266308796839,0.6442790587701609
0.1965871606252494,0.5706186499706042
0.28535382749471727,0.4380992771612739
0.6618448978473819,1.258328729967044
1.0078422809308651,0.7076921142961907
1.605115851953126,-1.6300243402282961
1.2807349433804724,-2.025767340786798
-0.10602569819792435,0.4943047334804294
1.9932442428320936,-1.8164756086555593
1.207693027191474,1.2292932382017565
1.7490408651594598,-1.946899643998771
1.2010775173533688,-1.9718645375813797
1.0873182795581913,1.3114489252892907
-0.057758981585971335,0.7586771739041963
1.5863600857216031,-1.6735505034820721
2.6369020153278924,-1.500746621099024
0.1317151267566507,0.1813818981217021
1.8733222056824026,-2.0184514865817396
1.1100730459734258,1.1753999683194174
-0.03401522283972924,0.5262428428805741
0.29161371841021816,0.39129669011323326
2.579969610407394,-1.960524366258034
2.7574128726431733,-1.0118096213813725
1.07130812737644,0.8940542991270907
-0.05209005996839547,0.8653056011913691
2.8306953119747744,-1.2459479360052126
1.5854299939635992,1.150392349959095
0.6930536321997053,1.1548685317537895
-0.056830779384512156,0.4265825511267581
0.05478619887575142,0.659434475182207
0.7180934245376135,1.120428695359093
1.6987668266091793,1.1007542169288607
1.9719781392293103,-1.7367897444992866
0.21903808430356997,0.5204097707714072
2.397139930665653,-1.9680411734226069
0.3558172348498664,1.2943777398998133
2.4131614996118813,-1.7472692949428263
0.4162350641782047,1.2136885951826586
1.3374803073490051,1.0993980097243818
0.1623366033020292,0.7401164692212786
0.4831040686390852,1.3075259535008688
1.5723454588433528,1.042451308162072
1.5838590381042803,-1.6545313111574138
1.780642010722421,-2.1141755498032113
1.7425049364808312,-1.8471791084617337
0.44196622954068693,0.9159427255589612
1.175331146747633,-1.716666966015168
1.1745159020681541,-1.8879818249957403
0.7984298743755719,1.3858600923637439
0.24781185911150294,0.8176590315570774
1.0246937637323794,0.9245709702301045
1.3031781626701893,1.353426649237335
1.2351146257280827,-1.9487347021142583
0.7551067306313605,1.372453438964214
0.3478241903067458,0.60798902555764
2.8038676602834363,-1.380764287563747
0.48414605296376123,0.9573737999036679
-0.06293219717487866,0.5036725763703065
1.8375903764127666,-2.090172636871903
0.6691088198507037,1.2098391997832516
0.3187472218156436,0.8989431070652684
2.640376513531089,-1.538941855654283
1.6227647975291795,-2.1868810757399935
1.262081900958362,1.3508434070619775
0.12038514074106842,0.17705736801370547
1.2285472424921806,-1.9732269144277357
2.5346986568736463,-1.5729886121410506
0.7381048048812261,1.1110987034462676
2.5351701842527183,-1.5013955931030303
1.524473523261749,-2.1976705057628787
1.3432759466808033,-1.8044223438791755
-0.036602295390085075,0.5018584556656526
-0.005819276652053512,0.6314299271004484
1.42200851309809,0.9917972714684499
2.3828309779619303,-1.93913668894265
0.16542039186076776,0.28467344206451023
2.101298634807656,-1.9573884907460464
1.7425490009502975,-1.6106030521729133
0.2326950478116829,0.6351812040082048
1.96002363448547,-2.0730759873237865
1.9597039346398422,-1.6390866181778168
1.5071871082558685,-1.9835406615472413
1.9924205670946056,-2.1379522086651948
0.008711544747056394,0.1080663307460798
2.1071156041702723,-1.95658211758866
0.3689458651301322,0.9751604768934904
1.8638263370138268,-2.002024286975554
1.8376808722029636,-1.8130032781289769
0.055972785875127176,1.0104501738577416
2.1091659911168126,-1.983401663132244
1.642975626698863,-2.1866680276981914
1.7309728678201546,-2.0882711886736787
1.336391181436209,-1.6221670599274747
0.5130640507559229,1.3678235088416857
1.1201486702518582,1.0205791005499871
1.7281310658139628,-2.002122352684404
0.27781555545364056,0.912840468661255
1.810125237627386,-2.0048608764330553
2.717837230759663,-1.5762360510435556
0.022656221722262074,0.16753422060748696
1.386675600819232,1.0902362426702663
1.2566633471639466,1.4093503346396516
2.721771538490364,-1.2914954639141598
0.2471592520999404,0.9443190455329277
2.7378492656846927,-1.599928971087837
1.5129865861775575,0.962604049070984
1.3388217246404568,-2.103631428665283
1.379565897039058,1.3722064170496813
1.524871517993143,0.9627691756733038
2.125141641346306,-1.8175629977872778
0.5307117332492908,1.334078576833065
0.9520098381819808,1.202999244296796
2.2190925010348894,-1.873178367143409
0.13262033202672555,0.2016484075668199
2.498800632054023,-1.6786201675738124
2.2763145077545373,-1.7736238527810013
2.8554224532438224,-1.4689331066381404
2.6322558251886545,-1.4961328849193138
0.6582077652510737,1.331791806898285
2.4935117575228034,-1.6243535283064685
-0.05192289205313054,0.2891996207671335
0.8547797915520526,1.357333941335731
2.7301763103051844,-1.6066505563501938
1.5720406014068853,-1.6601885562821284
0.5999998264892292,1.218994745022375
0.17257492722451606,0.77347175825186
2.135841865653477,-2.190928454938501
1.5184325735437763,0.929002672306309
1.5522104912339028,-2.056316557927695
1.4704799306138987,1.1563572493097416
1.5418726529090516,-2.202281861501374
0.2956803103117476,0.9895319026951038
0.727403185938207,0.9441111743653445
2.3224187954457696,-1.9444597647888646
0.2731301064104911,0.6451199039195851
1.555325575596456,-1.8070390766264701
1.116405586380536,1.2366608460296789
2.667205164703837,-0.818488558156946
0.5895482036165272,1.3682606332602154
1.9268276853588981,-1.9441572755128536
0.07256544639677957,0.7161951882939686
0.05680870956558993,0.21526476455263527
2.424478052223195,-1.8937601089339866
-0.01988610919378716,0.7866600065672427
0.07686263327134266,0.3340515685950684
1.4396775593315787,1.0383231896436595
2.8380972110119274,-0.9696147840761882
1.2681162689077394,-2.0007118094583998
2.7084419422750936,-1.187326706896222
0.06918418348340794,0.1737516220367406
2.0603373117916357,-1.9330778602497494
0.875045791686352,0.8758209107867355
0.6895605967949281,1.0806889833690954
1.7509598735116072,-1.975899663631074
2.084989948819233,-1.8564095133537588
2.2342415488402496,-2.062841992028376
1.8249949566945256,-2.0909379210526122
1.7727216849209957,-2.0252845717019428
1.0687201954300414,0.7813717552790849
0.06660617326672105,0.9391415999853048
1.9947481535021874,-2.1225381464057094
1.1437376460104778,1.0508747748939316
2.729244196273317,-1.014721670728791
2.4103544170676674,-1.6846458053338877
0.07075115893214062,0.3444852165298318
1.8349593534567095,-1.644051993375089
2.4187293518873783,-1.849799819063166
0.237742408068646,1.2079968388513012
0.22620954281351796,0.7225704348140574
1.1802065066953384,0.9884660565859246
0.44753297026271777,1.1707965996974155
1.3742816520956922,-1.711328138156216
0.024675280461143936,0.46523543891278585
1.3783778573885057,1.344021023986269
0.6102246547719288,1.164734982364495
2.7883129594355984,-1.4773201700577467
1.2554793952006835,-1.7088897485069243
2.5136096243535144,-1.828844361282337
1.7673599758121532,-1.7484178644723356
0.055732710754690176,1.0168680771794614
1.9170492571425464,-1.666272474833679
1.0687349972262736,1.1488022658583867
2.004424427288329,-2.074200431085924
0.5642346207826319,0.9537429067378757
1.1190404339941777,0.7204831325393719
0.6297030425254218,1.0959953153532112
1.3536708642542752,1.0983568218836988
1.2622307438895115,0.8108761067769407
1.189390057798425,0.6856643592821973
1.2400557706482727,1.000186221067853
2.1706686373622808,-1.8880097884604017
0.3587883912484258,1.0605760341036048
1.4911346463182424,-1.871429500568553
1.968126580079102,-1.7917260467522678
2.11362335863216,-2.16935664843138
0.2778513043647533,1.0958310461289833
2.396851278470195,-1.71713912641234
1.3829291558136914,-2.11562228241779
1.2586054591715592,-1.848259556701386
0.8997479157077425,0.784773374119913
1.4016007005142341,-2.04786841403937
1.320896869002395,0.8428747945636768
2.49778430424379,-1.6642712257226984
0.8852787254851564,1.02901621620419
0.2649812762858255,0.6396722986725523
0.6972076212433277,1.1902837386718514
0.674130007217635,0.8624306061044678
0.6803991890308503,0.9014068503430464
1.3279401042704475,0.9729660808645523
1.5642002867834575,-1.8842738809439803
0.3019546462821661,0.18636384673075562
0.28579432386080594,1.1692634494056815
1.2941113928719603,1.2514313648868107
2.397511933205492,-1.6912820866428229
2.0143110868039824,-1.88645454459099
0.4078815062212155,-1.3376468747974966
0.611197508960716,-1.4089488681575126
0.41593177122444236,-1.6126896219473652
0.5540185298393961,-1.7216588590542468
0.7532224261520656,-1.3794445219083362
0.4111184078511846,-1.746461936016439
0.8473193063334984,-1.5067438887810538
0.3496919824057892,-1.7019591246250665
0.3784542755406703,-1.4565103012151615
0.5868138213599072,-1.7938794809596872
0.4793498532846906,-1.2775336810041165
0.569412510881641,-1.3049887165610865
0.46943926613365294,-1.655815016901508
0.8434449504095693,-1.5080217789160089
0.7021687413630612,-1.6264023550524656
0.5572153859945221,-1.2562241509776775
0.8378955920243695,-1.442844451834271
0.6037364289946041,-1.6249961079061008
0.7442043123047509,-1.6982737329721544
0.7910645227576513,-1.49685162688987
0.42299739698890937,-1.5360546881971868
0.797148673692542,-1.3777731364932915
0.5116894984712288,-1.3969035943155983
0.5812874890375551,-1.2812841220164928
0.4658750058565826,-1.7024848071872405
0.2805113204957452,-1.6091542286955505
0.3696849432852469,-1.704591712522387
0.7877165028098845,-1.4931328941964324
0.6636008498760875,-1.640118422309052
0.48258865657503563,-1.8213821179680048
0.3401527195267955,-1.5465397982599356
0.73322894608857,-1.624758778274392
0.7196461108703078,-1.4059697250491414
0.4730213019592567,-1.4754664099228527
0.4107024614751908,-1.5695040867708498
0.38951259590661735,-1.6376688398770816
0.46036911505337436,-1.7419818697080551
0.3179201964018622,-1.398855443299801
0.6629553196455723,-1.3660872082726025
0.676555384105845,-1.3862476930635008
0.7979797308942141,-1.552175938257628
0.5769307416257418,-1.8347573807722162
0.5373178931288881,-1.4259141264242392
0.405695752137891,-1.4123477309855388
0.7587538505862108,-1.407322197087676
0.29483770532507914,-1.4447284652268637
0.5875478497797615,-1.699340324953325
0.3923274335822348,-1.3507866203299264
0.3771477743988851,-1.5915984946749775
0.3599026553767122,-1.4064445706685977
0.5499091055242276,-1.869623156718406
0.5712877353369494,-1.6243153229109115
0.5786996828736503,-1.2648944212055555
0.3902009808359169,-1.4638181053001014
0.591627633591504,-1.8328889068955327
0.39242323679426966,-1.7322067836638548
0.46426761360129637,-1.512091218136616
0.7505310094163175,-1.6298201947791775
0.40744648056941984,-1.3587519044524587
0.4316779704252733,-1.8097413757815757
0.47643562049956106,-1.3659234288981188
0.4458093804544368,-1.2975157086235196
0.35189426889006176,-1.324630363627451
0.489300060849891,-1.53592540726157
0.6202545995236163,-1.292257066393124
0.5636951501847346,-1.4813115607309486
0.6068482495657369,-1.277006480427495
0.22077017928808662,-1.4739864083517769
0.33447167881440154,-1.5702040161447792
0.2533669647653673,-1.4487776817113105
0.8069569298792096,-1.468282942030638
0.4946734407308141,-1.4755728264785615
0.6682469879837984,-1.5091762872010008
0.5058577416672057,-1.625176153609995
0.3353526670471458,-1.5711096853717181
0.7504589232128879,-1.5729211962163694
0.6292653364159547,-1.2369094108811909
0.8119809151039581,-1.6586916792603035
0.6830712734074584,-1.4782131619758028
0.6777783397518206,-1.7425271258028678
0.4518370278356051,-1.454766721698866
0.3720161109259406,-1.455510590025629
0.6208487450038103,-1.4973932594763524
0.46880395133319575,-1.6903329878573576
0.7555400770979582,-1.652848625408886
0.47333388379097446,-1.5847220102787103
0.7279864791619524,-1.633004312624979
0.49071219321403464,-1.6056718083123929
0.5131093613025951,-1.5849522239718787
0.40948014246009107,-1.6678637676318653
0.24730734467855425,-1.5104777641924405
0.73033789246519,-1.4392544627471695
0.4976833927645205,-1.7329244635224044
0.3297305118090673,-1.527573703631956
0.4218305305506321,-1.7455669515755698
0.529260803488258,-1.8428816007634692
0.5445803525640399,-1.419905907195148
0.3632841111913333,-1.4820208873305767
0.35390416784095724,-1.6902582453613009
0.4548063423594967,-1.7193145372035759
0.6157656767830456,-1.7911489064175354
0.8051345832748916,-1.6207071171243685
0.6841815260541544,-1.5445713622844233
0.7178497145254491,-1.2932809366103484
0.5832851449562694,-1.3633169752356764
0.7131981817547817,-1.7589351519115493
0.5522575802280635,-1.6927441482358607
0.4296359321824128,-1.5712451366661815
0.5273784088218977,-1.5889050169038872
0.5889185564781321,-1.2344677403218514
0.4644064097574002,-1.3161967331491087
0.3982323617577242,-1.5225152122616492
0.6624344368419336,-1.774479705607019
0.48753101609974236,-1.565452872472776
0.5522365912060028,-1.2689435710591093
0.4599062915091304,-1.7776780554533398
0.6413792669291846,-1.7039412784797512
0.6435012500630191,-1.7065082889155894
0.7414483314779086,-1.6062328915093163
0.47406295785349956,-1.6240663166786944
0.6731077100132118,-1.5781047244425919
0.23327602905205674,-1.582120327729823
0.29369123272849423,-1.4674869478749262
0.6178274290581414,-1.2477732364825473
0.600356446409463,-1.4081804497391928
0.4506646488929036,-1.619648192595957
0.44844947845972344,-1.456615747659025
0.6442756949088411,-1.4873059559070632
0.6552135280588361,-1.5326370093501762
0.5607631703891273,-1.6219355684326766
0.5849335822859639,-1.2953145027152424
0.7325687407106809,-1.4773688043817454
0.6818698000246106,-1.6810828162102922
0.46761336118188407,-1.2905167179125603
0.32477077819412925,-1.428779845498853
0.40687991204770996,-1.444188715379304
0.4548891777164773,-1.6076373208025527
0.5285739750997756,-1.6324828436181136
0.7339394134498196,-1.7382779474835643
0.6839322583255535,-1.684291877913504
0.45627368722947137,-1.2232157449397798
0.7888784124915067,-1.382603153883272
0.3214051791314602,-1.53533628255985
0.661802526121333,-1.5008438928020371
0.4585334717481448,-1.3869106471041242
0.7505278739063173,-1.3973336168690318
0.3116718363092978,-1.4437875249978784
0.7497673673026201,-1.4368256312716128
0.41566975632434067,-1.3125693169292718
0.6561601163769498,-1.599512536825007
0.5403787772359407,-1.2762605079050866
0.7127668238655536,-1.6138924121253078
0.6589341185344302,-1.5436438321844645
0.6566077708558327,-1.333521703529166
0.5680431650042026,-1.510179685784407
0.45374702425025415,-1.548396055887981
0.6538737603093198,-1.5430739162349667
0.514972277793431,-1.292113185004872
0.27918858026416954,-1.4900178129875599
0.758249671147318,-1.596797162732316
0.7292430804622096,-1.6752318290217914
0.2839956989723788,-1.7128357667336556
0.30720883922833714,-1.5579273281177293
0.46416797545878213,-1.481358722525635
0.6866143107215638,-1.5269125641502288
0.7754747379587477,-1.495556560661741
0.42640949840436243,-1.8301247415723783
0.7425587296465804,-1.406371497654229
0.4212653115401571,-1.4381062102560895
0.7425190610780733,-1.4108200605153969
0.5130666951575001,-1.621994615949359
0.5285299403323017,-1.3946391750605203
0.7833005902711205,-1.5212654934648338
0.6868824586672004,-1.5283542886269539
0.25317817701270845,-1.6589147022570336
0.6862438762608227,-1.4657183799242448
0.5545197298680629,-1.5652694647664815
0.590307636181405,-1.5760739532081796
0.7559053247555027,-1.5309569529335194
0.5939896753885496,-1.6396990406257512
0.5408490510535982,-1.492526594418474
0.6267742946779659,-1.4243626201716049
0.5225409013989961,-1.7441324378746377
0.7407533884828447,-1.5993233963556384
0.43400739775605773,-1.6683990606326584
0.7820687561330688,-1.6393695534295716
0.7888637164470106,-1.3408279667481537
0.3288357205820722,-1.648936618965142
0.4895672165368652,-1.504432831728132
0.3527732167456188,-1.3998659816766077
0.27985155970507575,-1.4611227188017
0.3916591837791815,-1.569009179747331
0.3103924632287526,-1.6156943819020213
0.607683773828764,-1.5806308595707155
0.6021229005574463,-1.7438909957602302
0.677053111962077,-1.4575810968783711
0.32580144929306787,-1.7182638501676173
0.4950969518757349,-1.5275371041562065
0.7134874426340972,-1.6139193529969702
0.7029446616536389,-1.5064484031593557
0.4611548886499357,-1.4851937775828292
0.4690183950050445,-1.8126934240907786
0.8442632302954814,-1.581005860395765
0.4447977952892641,-1.5467490606973677
0.35172647455893863,-1.5599603748448596
0.2378354402360272,-1.4759261024820391
0.7284595222296452,-1.6227409818175855
0.4765670299630562,-1.6053781098050968
0.33204910151300954,-1.4456692930606485
0.41869916738783947,-1.6616308756730507
0.597387232361812,-1.6102163239453853
0.6359265398469772,-1.7757384463883652
0.34920475974997073,-1.734063294228459
0.8188912196905136,-1.506840945407551
0.6442216911751538,-1.757290695508752
0.7199271400919347,-1.5396711951927533
0.3267105406035135,-1.443648420837218
0.35218735450300037,-1.5262344431583739
0.6297023789498264,-1.622121066889494
0.6155679507986587,-1.4591740424060482
0.5380733847114703,-1.7245297009282872
0.6956263447007738,-1.4895252570212112
0.529928303580339,-1.2944772337383206
0.6963429514252761,-1.3889415840109467
0.714048505856198,-1.8212310298114562
0.6919011810593477,-1.297822145664242
0.7030097079208004,-1.4887769366163566
0.6483462049622923,-1.6598286017888748
0.31664655208048276,-1.6175509532076755
0.5001966278525882,-1.6455553299738717
0.5400694687015948,-1.630223835808934
0.6785716782359967,-1.704951173429407
0.5312799541763268,-1.4167244902530527
0.5229008692154263,-1.6522900438567205
0.4557484185139933,-1.5648417959657177
0.6090620697970993,-1.5573531046058766
0.6544812989971175,-1.309779947350768
0.7140899872884876,-1.5484598990486198
0.6458456350671504,-1.6381091463731547
0.48570086710463606,-1.6308003946303649
0.502987693255432,-1.3287289205033561
0.5576180630342641,-1.4194968491262496
0.5234415385048276,-1.7337689184782699
0.44971225779406215,-1.532232972322434
0.44334375113662605,-1.3284812552552856
0.5774587598082921,-1.6822293953326057
0.6645619314730424,-1.6326314911016127
0.7308451575565446,-1.528736476235589
0.4956948209308566,-1.4854866192602498
0.6035076569810393,-1.5972683396279588
0.7170611528621778,-1.3353293151687018
0.31661219546000063,-1.450737123478403
0.8506016507280655,-1.557422645335715
0.6452741907840305,-1.2704424844865025
0.4351347976258439,-1.4555528766565031
0.5677856855551173,-1.7011676701813667
0.5508500586201359,-1.7652029535271243
0.3145725531782081,-1.5313026903544527
0.5674366178207199,-1.4239553427297416
0.5469330824156398,-1.2252363685006156
0.5318379169323364,-1.4197563470916141
0.5841200744566492,-1.3226640300873589
0.46745249259304317,-1.5031638309919964
0.6196839946354901,-1.4984702404936332
0.3263450763609987,-1.3549743842336661
0.3351458102493603,-1.413358420204816
0.3285745412352595,-1.5556916770505969
0.3100984944061789,-1.7195245462666426
0.796057099652468,-1.6086139252565856
0.3910955225446699,-1.7845848000905409
0.28389659678013185,-1.7226601651378801
0.5121160714540665,-1.6103741171465036
0.5813642949182922,-1.728248926829318
0.5327174626198163,-1.2797822278469677
0.6477073948905941,-1.377878149606822
0.7352683903574664,-1.6518374524222148
0.3780290923978277,-1.332156754096438
0.5807672623193785,-1.3871578557795234
0.8675735800792082,-1.5300057612027032
0.7502260498239873,-1.49801160931076
0.4277570767526394,-1.3952806556586757
0.3646587461528687,-1.6373259079537743
0.4146432597709453,-1.377620552207726
0.6602396752271931,-1.7416396215060315
0.4989822467646178,-1.6731000107116265
0.6528489551285932,-1.5573555023936416
0.7142296458905364,-1.3554602380534913
0.5874786373469182,-1.3971675523833986
0.5557838913709174,-1.5364781080067154
0.5577499352140155,-1.8198327637164178
0.5788088568533809,-1.8503046390386868
0.44807972947359787,-1.3227784586957505
0.7151276283980184,-1.5010572387212495
0.876856821638298,-1.5556120266557045
0.7140268243021275,-1.4937381041544922
0.6000425076114172,-1.6117867895183904
0.3731454024387313,-1.6790025724764355
0.5989414991330088,-1.6023124085413885
0.3034273705925455,-1.3645900169655087
0.5627561049692384,-1.438524513408372
0.6178684695763706,-1.4068895600883506
0.477970414587832,-1.418700762508577
0.6044702866434687,-1.7622356561855612
0.4512715336293408,-1.3122392029079222
0.4895848955622992,-1.4809618624805043
0.48644197139424444,-1.6762542337991293
0.4349776712085581,-1.4866427803393465
0.7900225510563188,-1.4432680274426615
0.7682792116170718,-1.5654488933322803
0.674369052426213,-1.6210602910719216
0.582845482161774,-1.5280469961183332
0.3940720013405942,-1.6239846565230742
0.27307923747277746,-1.643449345452247
0.279265690107798,-1.3868842500835163
0.7376996717333701,-1.52692028159372
0.34914812657525174,-1.5726896844130571
0.6386541950145593,-1.5467496931019842
0.34122671981294966,-1.5957015129958163
0.38124380018652054,-1.3227855979997039
0.520596671177211,-1.3445319899501311
0.6833984801133809,-1.7610100188444484
0.6714539715039411,-1.360658288228311
0.7115318663684342,-1.2899476139515413
0.4659279858512472,-1.7555463238162
0.71005815658867,-1.5876979337186812
0.3273165088147678,-1.289958954737712
0.7188222988955487,-1.67984819440817
0.44175316494047256,-1.6287203581028877
0.528564154972983,-1.5566682931149824
0.7266206648743466,-1.7498781235670504
0.7165234791337265,-1.5388771235123573
0.7191611289488448,-1.720483657549869
0.5389105369884398,-1.3061428712168248
0.7822499948573087,-1.5884364204455885
0.6192662987962582,-1.5228183826294364
0.4985601472912141,-1.5225345853176246
0.5866138188532736,-1.6804309119511003
0.5539712465960516,-1.4391237447552354
0.4603606528910266,-1.5523256581409557
0.7617310627947427,-1.3858344911519043
0.5654033985075241,-1.5269438280956118
0.8140801872515538,-1.673247044543853
0.5681924906452748,-1.5478751500338366
0.5460995733502301,-1.71193160001709
0.3112773341301091,-1.5053582392132432
0.2626165005816152,-1.4952914787858087
0.8790910407877379,-1.4491015384003385
0.4207782799550906,-1.3026365934913884
0.5659834194099753,-1.7517432064354144
0.5318627391003818,-1.357017871640384
0.733185087195848,-1.5876506687538918
0.5395438971864118,-1.730859077313543
0.3976114750985794,-1.3248058756965708
0.5216087105072125,-1.7769342908003216
0.32148892206122404,-1.6262086000041924
0.5040562378860854,-1.8550831560750958
0.6257652928696739,-1.7368304196291964
0.578907884977478,-1.644689198192853
0.7247821071482283,-1.5431873735495776
0.5611690849733629,-1.4202380466477151
0.5478782551432531,-1.3912845688414357
0.44032799447480336,-1.8197973748784564
0.4786535079333728,-1.374362112482547
0.3268520179088491,-1.650370254534488
0.7169926441388232,-1.7673762790347383
0.3706868992744959,-1.3490884413820732
0.21365249350714682,-1.5464599363379554
0.3985772281406478,-1.6879164800838837
0.7378663891011067,-1.786186372857148
0.3849197834032818,-1.5575432076137006
0.5814035223502635,-1.444729798131728
0.7034809763908432,-1.461582219758179
0.5880868407850144,-1.7506944188239804
0.3474091743394822,-1.4493198685053108
0.7129283269921102,-1.5926330885560596
0.6404469607737928,-1.6005825121067319
0.6087721234698644,-1.3934803932956257
0.6005688135892866,-1.301579359471838
0.5415389781285594,-1.6524638608569222
0.7951061523425554,-1.585773989660154
0.6271882678246034,-1.639650182830634
0.6893343706474339,-1.3271442280243415
0.3218456090835156,-1.5600354498079152
0.27731638281508747,-1.5092487696199306
0.501185573181334,-1.5489972311258458
0.27870832685788094,-1.4473682588674561
0.6024523418806821,-1.6475209583147865
0.560623230211957,-1.4378029031200723
0.7668176472217881,-1.7064662625075244
0.591336972654601,-1.2521717683799878
0.35073440616830914,-1.4123072568668007
0.5594571709301907,-1.699212523109156
0.6439867883473998,-1.6234010581071219
0.4154914605799948,-1.6578255131010227
0.5233491433189004,-1.8273569637009501
0.34877247168734443,-1.6318729596705048
0.44407098213126805,-1.6722774926049286
0.4470759474690123,-1.5094951655738282
0.7249584870316448,-1.449752421424007
0.7279919582776261,-1.3889130161232988
0.4137381495262169,-1.5877340380561704
0.5881119982368179,-1.7597957512994877
0.6021388190272522,-1.218902164461448
0.5320409419965716,-1.451522860293811
0.7969001026514065,-1.6140011999878632
0.38926196774355787,-1.6677937327597854
0.2668775335028844,-1.6958534791745803
0.3758453955739255,-1.6377593175948988
0.47902048735965247,-1.3894691703072641
0.5372863319860631,-1.2916798657832862
0.3618816923723821,-1.412668509585458
0.663141072780624,-1.257288406748739
0.6618197171407029,-1.8340900561880211
0.8249624252165568,-1.58863833932181
0.37419685608646736,-1.3936615292924541
0.6941635326072375,-1.6712697067707158
0.5886526831148738,-1.739236138004205
0.48102987558252364,-1.6456540434248763
0.6453502009724564,-1.5040398460241953
0.5505309351266569,-1.3413137479777144
0.32460776793722035,-1.5507778964572465
0.38609468975949146,-1.3537086990525
0.49939827794046604,-1.2814149822080678
0.3115392232576438,-1.505273408639266
0.5379451352510811,-1.3433606466256491
0.343110243655088,-1.569881609850786
0.7573432860342093,-1.420737321273711
0.5522874668716529,-1.6079786499021
0.6983190190576892,-1.7002489239450995
0.5382106466283668,-1.4639082778044958
0.47454286356827563,-1.5451775913860695
0.5673584758452581,-1.2184354368282886
0.5236872080101632,-1.6196220444011729
0.35047170707974873,-1.742886984072941
0.2854779379057672,-1.5323368536855368
0.5610129643094037,-1.4566418674053931
0.5314673979400194,-1.30311562592032
0.6847845360157397,-1.420481151162435
0.27230928076154465,-1.4522955491301148
0.32787405535145897,-1.4642095146258673
0.5083761233978829,-1.608854662452981
0.33702093189050614,-1.4332024954565934
0.2862936673384081,-1.580921984753215
0.6002306203513448,-1.5358042770385862
0.5935111678796294,-1.2554076327732298
0.3682941993276292,-1.5301547290567872
0.4241204553438437,-1.3739833449741197
0.31841847027182457,-1.4231520969292446
0.7949778378839079,-1.610515009321907
0.3370626141112259,-1.6585573445164403
0.4782057941750157,-1.6929095969905783
0.4805630055933028,-1.853333777412532
0.4454175015683389,-1.2123437806094362
0.663508388782188,-1.4072376205982668
0.45988316067921065,-1.4935827750803052
0.533443514005115,-1.3025951035121666
0.386176232748077,-1.6686139865834761
0.3157009950126216,-1.668352048201875
0.4617027060980254,-1.4749866324717316
0.590057002116176,-1.757300202334473
0.4304801833298889,-1.4981252253147477
0.4778097531775881,-1.2141787934756039
0.5075172953086844,-1.5745496927534415
0.7865152546126438,-1.6541703857114438
0.7484235407004334,-1.4590682547114566
0.6483482954260981,-1.4476272711810243
0.5143979813616629,-1.3633962175691638
0.8833079042886309,-1.5674074043986026
0.4558544086513165,-1.4823768950420266
0.6718026525356016,-1.3207404867234722
0.4263437602055994,-1.7314416806418145
0.5504594709447516,-1.322946807880461
0.33005440496910743,-1.6193322529784335
0.7210047770262099,-1.661797976006687
0.4707732115379072,-1.8206632085755805
0.6887097522017714,-1.3713315426787531
0.37580242361781896,-1.6334127876597435
0.6856086460740802,-1.7222627577807068
0.8024167303130162,-1.5212041288283074
0.4509343106877623,-1.4853184317908743
0.831187214349576,-1.4661438586328344
0.5209038453008779,-1.5130276311840065
0.7945909358322435,-1.5426610642215266
0.718089077233605,-1.5179270611606737
0.5442977457322914,-1.2235675840924554
0.3285126525531353,-1.6184906006407147
0.7729825194337763,-1.5170209084098298
0.565822885688948,-1.6967074452968318
0.5040666487278199,-1.3831157565452332
0.6426225687898262,-1.2633533922314737
0.47765204999674715,-1.2592032719436663
0.2733237657187459,-1.381692190585207
0.4094431496313938,-1.5734053246880382
0.35821790688360106,-1.6126167542263468
0.5553595433004826,-1.5267722640150112
0.41375509607288996,-1.7320298347420566
0.617716334691582,-1.4338333364588012
0.29414547415287134,-1.5122331573556158
0.8118179086232239,-1.567317367707402
0.7611365389433462,-1.4465750157175512
-0.17565889537279472,-0.6548145589593689
-0.4957003603329002,-0.37338624971016027
-1.2407762029836151,-0.8577822754522811
-0.8479422249447222,-1.273717741498391
-0.44843361594861764,-0.42606325422687524
-0.5400299257415444,-1.1924955555110897
-0.7203043235636535,-1.199043529536435
-0.32398452047553195,-0.9619411257853501
-0.20269675748894717,-0.6568994220672303
-1.0500830334117564,-1.02869920840801
-0.6926168803640808,-1.109510919130213
-1.0789472674477203,-0.7394380788206957
-0.29984431627756364,-0.9634231099052815
-0.2869460603805955,-0.9888414458275506
-0.6027699826132068,-0.27124696075309973
-1.1826580448224142,-0.6793554987753202
-1.1259405646811769,-0.413871805057815
-0.4003283895725557,-0.6538389628846425
-0.9878320212627549,-1.0630375564058288
-0.4560875849108951,-1.1750857041189602
-1.2196621222024577,-0.8533634995272072
-0.41288297885231856,-0.7979906677638634
-0.23036395278028138,-0.6992674095338274
-0.43647074525574225,-0.31511301522684837
-1.165295816289456,-0.879785577630075
-0.20290444322569695,-0.7459480270887355
-0.5219908495942739,-0.4046210041109584
-0.9295308990881143,-1.0965962513913126
-1.0924327977645445,-0.5437924502571054
-1.1424691910998204,-1.0880302232886856
-0.7822409897609419,-0.2618411996792699
-0.5057846046168795,-0.30413412138310264
-0.6914568725950253,-0.2648536418106753
-1.0537215862577638,-0.7480145461624514
-0.7701323229077349,-1.2086647225906186
-0.28004214710758946,-1.0831513267431838
-1.1767973108340695,-0.43542902078747037
-0.3186168833705088,-0.9921245842605877
-1.20971956271716,-0.8176874710242941
-0.5502036107600229,-0.4474971082937746
-0.22636226052202676,-1.0759949361241703
-1.1149939082326887,-0.8797754150501123
-0.9767065620715486,-0.22522509220903864
-0.8510314904573292,-0.4352817506980385
-0.7357454345362523,-1.3130608302614883
-0.8518362898290737,-0.2779342314471866
-1.0627085301883845,-0.7611170180633321
-0.9097742943847253,-0.32774663902598905
-0.26924383456573636,-0.9954595466160374
-0.8319917587343368,-0.23586219969694197
-1.0393365277443736,-1.2073071504932873
-0.2393069499755334,-0.7123704593109286
-1.0413677087939717,-0.7709948896682319
-1.2069842146332972,-0.8524833728776202
-0.49155757054917654,-1.170849207507165
-0.6418104835286946,-0.33869518953701794
-0.20105431781780034,-0.9928622716482373
-0.7857981840684058,-1.2783425232648316
-0.4017308785153099,-1.080536632392003
-1.0483811791600113,-0.44998713342648033
-0.5374015025695819,-0.4143134375357088
-1.0756487781084823,-1.1744599963819546
-1.0170944052803876,-1.2764955034928296
-0.6061331969700035,-0.5132896483636942
-0.7581514309859374,-1.1918980337508498
-1.2016069536191718,-0.8657729191753614
-1.0494415610126144,-0.9625434151955966
-0.9108607317602511,-0.30818463462475637
-0.4193943896549248,-1.114023862705271
-0.5895820208915051,-0.2701284717508346
-0.9645644965905043,-0.5642032928331765
-0.2084186963655707,-0.4779912634218952
-1.0534486131911691,-0.7585347167092857
-1.2709355429986604,-0.7246972307765889
-1.1863423230801984,-1.0351467841428783
-0.8738038810568376,-1.0613324589606739
-0.43485180150233677,-0.5506279522202159
-0.3659626436760588,-0.3370764543346405
-0.921200685127278,-0.9774898984870574
-0.3368007294282667,-0.913194428878227
-0.3969695095772096,-0.8067652343693859
-0.7910743449364036,-0.30892961041822786
-0.9580521316593548,-1.3174335917324813
-1.0488048476757081,-0.6138044466187762
-1.011756030039011,-1.0295006099781299
-0.7566877539956829,-1.277467584528619
-0.2583791984664606,-0.941563832560576
-0.3918743607765774,-1.1456209536433726
-1.168774646203573,-0.4713385539990744
-0.6700845748126313,-1.3722717870305763
-0.4982030407599565,-0.5124513602118571
-1.0916567469920826,-0.8234656751044956
-1.1930052628969894,-0.7042292031357721
-0.921164591969602,-1.0550229522156922
-0.34305845087795267,-0.6588194224275212
-0.9962903801477878,-1.152754578908341
-0.8095278941983481,-1.045731847929382
-0.6442273208507849,-0.2811377314111729
-1.037504117194926,-1.1771687591344826
-0.8727891602661876,-1.175315429396525
-0.6174811875212777,-1.2474433961065206
-0.2796246245953661,-0.3626609474828273
-1.0122157865930748,-0.8567967085247279
-0.3184951753902665,-1.101516413454
-1.3073258994460142,-0.6701394793842266
-1.1648348492460665,-1.0339370289927445
-0.7761317570850995,-0.2838009753937815
-1.1160735435733304,-0.736476159372074
-0.4652734993949369,-0.38102135192469905
-1.1999882309352932,-0.45788899394146265
-0.242052685922361,-0.477929842423319
-1.3445248131932273,-0.7262309574979987
-1.0182242495265936,-0.9512670022073201
-0.3018933992047148,-0.7897628676257082
-0.372556420547621,-1.204917686436511
-0.34333331236276127,-1.0362019320447802
-0.19737090092048123,-0.858313900045189
-0.3917144799490817,-1.1344846156588089
-0.31057655792902933,-0.4226319015417789
-0.8673528471998595,-1.133406660065101
-0.620340228397114,-1.1669286133135373
-0.7658332445474928,-0.3699484756918116
-0.3761395760282879,-1.203912284192594
-0.4736284471748621,-1.127713598437931
-1.2174893778230365,-0.9192637051116658
-1.0954549729544176,-0.7737695001302716
-0.33567700063933303,-1.069751073089065
-0.16416152237541945,-0.5519180797908301
-0.78786212438569,-0.32703770219413375
-0.27666469982455694,-0.6231319367248314
-0.3061579786295617,-0.5151682679159344
-0.6652781818091005,-0.2832730616909202
-1.1792667898911693,-0.6316693551020063
-0.3512352485755011,-0.8950883056564374
-1.0843475795586783,-0.7944936340478224
-1.1008247518192054,-1.1205975483927546
-0.5275324554530909,-1.1115353397960843
-0.36433903629048886,-0.7260137003867438
-1.1901415791552388,-0.9075671712368987
-0.9645139830372066,-0.4793368201753659
-0.8917106471109718,-0.9576826209784325
-1.292735176682258,-0.6216376814803095
-0.459990761471098,-0.6244103982665661
-0.9235863511792711,-0.4596368975239857
-1.0721816996251445,-0.7007898867529484
-1.094365760926692,-1.151767352636729
-1.1016494597220492,-0.6065930564974781
-0.3888196510056612,-1.0874610917287626
-0.7646341254542589,-1.2578143096822925
-0.30200663218349466,-0.9689665668622964
-0.8463843124042978,-1.0310131648951872
-1.1680338303261886,-0.45627690503914536
-1.0693819204215398,-1.0877341400176999
-0.2905903963498863,-0.74861121541698
-0.2593349279081151,-0.6355359891068398
-0.31134377521631035,-0.5096613065922261
-0.8648300526915252,-1.3246026532598172
-0.6645123694210386,-1.2662822107851837
-0.5861872042616124,-0.2718073119793548
-1.2002464369306234,-0.8709835910748813
-1.2391053501619702,-0.6742089691390888
-0.43429401314337923,-0.39768102574403175
